Date,Open,High,Low,Close,Date
31-Mar-2017,9158.9,9191.7,9152.1,9173.75,3/31/17
30-Mar-2017,9142.6,9183.15,9136.35,9173.75,3/30/17
29-Mar-2017,9128.7,9153.15,9109.1,9143.8,3/29/17
28-Mar-2017,9081.5,9110.4,9079.8,9100.8,3/28/17
27-Mar-2017,9093.45,9094.85,9024.65,9045.2,3/27/17
24-Mar-2017,9104,9133.55,9089.4,9108,3/24/17
23-Mar-2017,9048.75,9099.05,9048.6,9086.3,3/23/17
22-Mar-2017,9047.2,9072.9,9019.3,9030.45,3/22/17
21-Mar-2017,9133.95,9147.75,9087.2,9121.5,3/21/17
20-Mar-2017,9166.95,9167.6,9116.3,9126.85,3/20/17
17-Mar-2017,9207.8,9218.4,9147.6,9160.05,3/17/17
16-Mar-2017,9129.65,9158.45,9128.55,9153.7,3/16/17
15-Mar-2017,9086.85,9106.55,9075.5,9084.8,3/15/17
14-Mar-2017,9091.65,9122.75,9060.5,9087,3/14/17
10-Mar-2017,8953.7,8975.7,8903.95,8934.55,3/10/17
09-Mar-2017,8914.5,8945.8,8899.5,8927,3/9/17
08-Mar-2017,8950.7,8957.05,8891.95,8924.3,3/8/17
07-Mar-2017,8977.75,8977.85,8932.8,8946.9,3/7/17
06-Mar-2017,8915.1,8967.8,8914,8963.45,3/6/17
03-Mar-2017,8883.5,8907.1,8860.1,8897.55,3/3/17
02-Mar-2017,8982.85,8992.5,8879.8,8899.75,3/2/17
01-Mar-2017,8904.4,8960.8,8898.6,8945.8,3/1/17
28-Feb-2017,8898.95,8914.75,8867.6,8879.6,2/28/17
27-Feb-2017,8943.7,8951.8,8888.65,8896.7,2/27/17
23-Feb-2017,8956.4,8982.15,8927.55,8939.5,2/23/17
22-Feb-2017,8931.6,8960.75,8905.25,8926.9,2/22/17
21-Feb-2017,8890.75,8920.8,8860.95,8907.85,2/21/17
20-Feb-2017,8818.55,8886.25,8809.8,8879.2,2/20/17
17-Feb-2017,8883.7,8896.45,8804.25,8821.7,2/17/17
16-Feb-2017,8739,8783.95,8719.6,8778,2/16/17
15-Feb-2017,8778.95,8807.9,8712.85,8724.7,2/15/17
14-Feb-2017,8819.9,8820.45,8772.5,8792.3,2/14/17
13-Feb-2017,8819.8,8826.9,8754.2,8805.05,2/13/17
10-Feb-2017,8812.35,8822.1,8771.2,8793.55,2/10/17
09-Feb-2017,8795.55,8821.4,8724.1,8778.4,2/9/17
08-Feb-2017,8774.55,8791.25,8715,8769.05,2/8/17
07-Feb-2017,8805.7,8809.3,8741.05,8768.3,2/7/17
06-Feb-2017,8785.45,8814.1,8770.2,8801.05,2/6/17
03-Feb-2017,8735.15,8748.25,8707.75,8740.95,2/3/17
02-Feb-2017,8724.75,8757.6,8685.8,8734.25,2/2/17
01-Feb-2017,8570.35,8722.4,8537.5,8716.4,2/1/17
31-Jan-2017,8629.45,8631.75,8552.4,8561.3,1/31/17
30-Jan-2017,8635.55,8662.6,8617.75,8632.75,1/30/17
27-Jan-2017,8610.5,8672.7,8606.9,8641.25,1/27/17
25-Jan-2017,8499.45,8612.6,8493.95,8602.75,1/25/17
24-Jan-2017,8407.05,8480.95,8398.15,8475.8,1/24/17
23-Jan-2017,8329.6,8404.15,8327.2,8391.5,1/23/17
20-Jan-2017,8404.35,8423.65,8340.95,8349.35,1/20/17
19-Jan-2017,8418.4,8445.15,8404.05,8435.1,1/19/17
18-Jan-2017,8403.85,8460.3,8397.4,8417,1/18/17
17-Jan-2017,8415.05,8440.9,8378.3,8398,1/17/17
16-Jan-2017,8390.95,8426.7,8374.4,8412.8,1/16/17
13-Jan-2017,8457.65,8461.05,8373.15,8400.35,1/13/17
12-Jan-2017,8391.05,8417.2,8382.3,8407.2,1/12/17
11-Jan-2017,8327.8,8389,8322.25,8380.65,1/11/17
10-Jan-2017,8262.7,8293.8,8261,8288.6,1/10/17
09-Jan-2017,8259.35,8263,8227.75,8236.05,1/9/17
06-Jan-2017,8281.85,8306.85,8233.25,8243.8,1/6/17
05-Jan-2017,8226.65,8282.65,8223.7,8273.8,1/5/17
04-Jan-2017,8202.65,8218.5,8180.9,8190.5,1/4/17
03-Jan-2017,8196.05,8219.1,8148.6,8192.25,1/3/17
02-Jan-2017,8210.1,8212,8133.8,8179.5,1/2/17
30-Dec-2016,8119.65,8197,8114.75,8185.8,12/30/16
29-Dec-2016,8030.6,8111.1,8020.8,8103.6,12/29/16
28-Dec-2016,8047.55,8100.55,8028.4,8034.85,12/28/16
27-Dec-2016,7915.05,8044.65,7903.7,8032.85,12/27/16
26-Dec-2016,7965.1,7970.05,7893.8,7908.25,12/26/16
23-Dec-2016,7972.5,8022.6,7942.05,7985.75,12/23/16
22-Dec-2016,8043.85,8046.45,7964.95,7979.1,12/22/16
21-Dec-2016,8105.85,8112.55,8053.25,8061.3,12/21/16
20-Dec-2016,8110.6,8124.1,8062.75,8082.4,12/20/16
19-Dec-2016,8126,8132.5,8094.85,8104.35,12/19/16
16-Dec-2016,8178.2,8178.7,8127.45,8139.45,12/16/16
15-Dec-2016,8128.4,8225.9,8121.95,8153.6,12/15/16
14-Dec-2016,8229.35,8229.4,8165.1,8182.45,12/14/16
13-Dec-2016,8196.15,8228.85,8155.8,8221.8,12/13/16
12-Dec-2016,8230.65,8230.65,8154.45,8170.8,12/12/16
09-Dec-2016,8271.7,8274.95,8241.95,8261.75,12/9/16
08-Dec-2016,8152.1,8256.25,8151.75,8246.85,12/8/16
07-Dec-2016,8168.4,8190.45,8077.5,8102.05,12/7/16
06-Dec-2016,8153.15,8178.7,8130.85,8143.15,12/6/16
05-Dec-2016,8088.75,8141.9,8056.85,8128.75,12/5/16
02-Dec-2016,8153.55,8159.3,8070.05,8086.8,12/2/16
01-Dec-2016,8244,8250.8,8185.05,8192.9,12/1/16
30-Nov-2016,8172.15,8234.25,8139.25,8224.5,11/30/16
29-Nov-2016,8131.55,8197.35,8128.7,8142.15,11/29/16
28-Nov-2016,8080.65,8146.5,8066.5,8126.9,11/28/16
25-Nov-2016,8007.95,8122.25,7976.75,8114.3,11/25/16
24-Nov-2016,8011.8,8024.85,7952.55,7965.5,11/24/16
23-Nov-2016,8051.2,8055.2,7973.1,8033.3,11/23/16
22-Nov-2016,7989.15,8019.05,7938.15,8002.3,11/22/16
21-Nov-2016,8102.1,8102.45,7916.4,7929.1,11/21/16
18-Nov-2016,8097.55,8128.95,8048.3,8074.1,11/18/16
17-Nov-2016,8105.1,8151.25,8060.3,8079.95,11/17/16
16-Nov-2016,8205.65,8210.05,8089.4,8111.6,11/16/16
15-Nov-2016,8284.85,8288.55,8093.2,8108.45,11/15/16
11-Nov-2016,8456.65,8460.6,8284.95,8296.3,11/11/16
10-Nov-2016,8555.6,8598.45,8510.7,8525.75,11/10/16
09-Nov-2016,8067.5,8476.2,8002.25,8432,11/9/16
08-Nov-2016,8540,8559.4,8480.1,8543.55,11/8/16
07-Nov-2016,8535.75,8535.85,8481.45,8497.05,11/7/16
04-Nov-2016,8503.6,8504,8400.25,8433.75,11/4/16
03-Nov-2016,8499.85,8537.65,8476.15,8484.95,11/3/16
02-Nov-2016,8542.8,8549.5,8504.85,8514,11/2/16
01-Nov-2016,8653.15,8669.6,8614.5,8626.25,11/1/16
30-Oct-2016,8672.35,8678.25,8616.25,8625.7,10/30/16
28-Oct-2016,8625,8653.75,8581.75,8638,10/28/16
27-Oct-2016,8607.1,8624.85,8550.25,8615.25,10/27/16
26-Oct-2016,8657.3,8657.3,8596.6,8615.25,10/26/16
25-Oct-2016,8721.7,8722.65,8663.45,8691.3,10/25/16
24-Oct-2016,8709.85,8736.95,8684.15,8708.95,10/24/16
21-Oct-2016,8708.6,8709.1,8652.05,8693.05,10/21/16
20-Oct-2016,8693.35,8727,8678.3,8699.4,10/20/16
19-Oct-2016,8697.5,8698.75,8636.7,8659.1,10/19/16
18-Oct-2016,8556.05,8685.1,8555.9,8677.9,10/18/16
17-Oct-2016,8612.95,8615.4,8506.15,8520.4,10/17/16
14-Oct-2016,8594,8604.45,8549.8,8583.4,10/14/16
13-Oct-2016,8671.5,8681.55,8541.35,8573.35,10/13/16
10-Oct-2016,8735.35,8745.8,8703.95,8708.8,10/10/16
07-Oct-2016,8721.7,8723.7,8663.8,8697.6,10/7/16
06-Oct-2016,8768.7,8781.15,8684.65,8709.55,10/6/16
05-Oct-2016,8806.35,8806.95,8731.4,8743.95,10/5/16
04-Oct-2016,8770,8783.65,8736.1,8769.15,10/4/16
03-Oct-2016,8666.15,8745.2,8635,8738.1,10/3/16
30-Sep-2016,8581.5,8637.15,8555.2,8611.15,9/30/16
29-Sep-2016,8792.7,8800.65,8558.25,8591.25,9/29/16
28-Sep-2016,8711.2,8767.05,8703.15,8745.15,9/28/16
27-Sep-2016,8748.9,8768.5,8690.5,8706.4,9/27/16
26-Sep-2016,8807.9,8809.55,8715.1,8723.05,9/26/16
23-Sep-2016,8880.75,8885.2,8820.3,8831.55,9/23/16
22-Sep-2016,8873.35,8893.35,8837.8,8867.45,9/22/16
21-Sep-2016,8790.3,8826.85,8757.3,8777.15,9/21/16
20-Sep-2016,8816.1,8816.45,8759.3,8775.9,9/20/16
19-Sep-2016,8788.45,8824.3,8774.2,8808.4,9/19/16
16-Sep-2016,8780.85,8847.65,8750.5,8779.85,9/16/16
15-Sep-2016,8743.85,8751.95,8704.35,8742.55,9/15/16
14-Sep-2016,8710.65,8739.85,8688.9,8726.6,9/14/16
12-Sep-2016,8732.95,8746.95,8699.4,8715.6,9/12/16
09-Sep-2016,8934.3,8939.15,8858.7,8866.7,9/9/16
08-Sep-2016,8915.5,8960.35,8896,8952.5,9/8/16
07-Sep-2016,8968.7,8968.7,8913.35,8917.95,9/7/16
06-Sep-2016,8852.7,8950.85,8848.45,8943,9/6/16
02-Sep-2016,8796.35,8824.1,8768.2,8809.65,9/2/16
01-Sep-2016,8793.6,8813.25,8759.95,8774.65,9/1/16
31-Aug-2016,8754.05,8819.2,8754.05,8786.2,8/31/16
30-Aug-2016,8646.75,8750.6,8642.25,8744.35,8/30/16
29-Aug-2016,8583.75,8622,8543.75,8607.45,8/29/16
26-Aug-2016,8614.35,8622.95,8547.55,8572.55,8/26/16
25-Aug-2016,8668.85,8683.05,8583.65,8592.2,8/25/16
24-Aug-2016,8648.5,8661.05,8620.9,8650.3,8/24/16
23-Aug-2016,8628.35,8642.15,8580,8632.6,8/23/16
22-Aug-2016,8667,8684.85,8614,8629.15,8/22/16
19-Aug-2016,8694.3,8696.6,8647.1,8666.9,8/19/16
18-Aug-2016,8648.85,8690.7,8645.05,8673.25,8/18/16
17-Aug-2016,8639.8,8667.1,8603.6,8624.05,8/17/16
16-Aug-2016,8670.25,8682.35,8600.45,8642.55,8/16/16
12-Aug-2016,8605.45,8684.3,8604.45,8672.15,8/12/16
11-Aug-2016,8572.8,8601.15,8540.05,8592.15,8/11/16
10-Aug-2016,8686.7,8690.1,8564.6,8575.3,8/10/16
09-Aug-2016,8727.8,8728.35,8638.2,8678.25,8/9/16
08-Aug-2016,8712.85,8723.5,8697.6,8711.35,8/8/16
05-Aug-2016,8600.2,8689.4,8590.15,8683.15,8/5/16
04-Aug-2016,8599.95,8601.4,8518.15,8551.1,8/4/16
03-Aug-2016,8635.2,8635.45,8529.6,8544.85,8/3/16
02-Aug-2016,8647.45,8687.2,8611.4,8622.9,8/2/16
01-Aug-2016,8654.3,8711.3,8590.5,8636.55,8/1/16
29-Jul-2016,8668.3,8670.35,8631.15,8638.5,7/29/16
28-Jul-2016,8636.95,8674.7,8625.25,8666.3,7/28/16
27-Jul-2016,8599.4,8665,8572.05,8615.8,7/27/16
26-Jul-2016,8633.75,8644.9,8577.15,8590.65,7/26/16
25-Jul-2016,8519.95,8641.15,8517.2,8635.65,7/25/16
22-Jul-2016,8519.65,8548.95,8489.8,8541.2,7/22/16
21-Jul-2016,8582.7,8585.25,8503.45,8510.1,7/21/16
20-Jul-2016,8515.45,8569.9,8512.55,8565.85,7/20/16
19-Jul-2016,8514.3,8540.05,8476.7,8528.55,7/19/16
18-Jul-2016,8564.05,8587.1,8494.35,8508.7,7/18/16
15-Jul-2016,8565.45,8594.8,8510.05,8541.4,7/15/16
14-Jul-2016,8515.75,8571.4,8500.7,8565,7/14/16
13-Jul-2016,8540.45,8550.25,8493.55,8519.5,7/13/16
12-Jul-2016,8502.6,8526.6,8479.2,8521.05,7/12/16
11-Jul-2016,8413.35,8475.25,8407.05,8467.9,7/11/16
08-Jul-2016,8350,8353.3,8287.55,8323.2,7/8/16
07-Jul-2016,8342,8361.95,8317.7,8337.9,7/7/16
05-Jul-2016,8379.3,8381.45,8319.95,8335.95,7/5/16
04-Jul-2016,8376.75,8398.45,8364.7,8370.7,7/4/16
01-Jul-2016,8313.05,8356.75,8308.65,8328.35,7/1/16
30-Jun-2016,8260.25,8308.15,8242.1,8287.75,6/30/16
29-Jun-2016,8173.1,8212.4,8157.65,8204,6/29/16
28-Jun-2016,8096.05,8146.35,8086.85,8127.85,6/28/16
27-Jun-2016,8039.35,8120.65,8039.35,8094.7,6/27/16
24-Jun-2016,8029.1,8100.7,7927.05,8088.6,6/24/16
23-Jun-2016,8201.15,8285.6,8188.3,8270.45,6/23/16
22-Jun-2016,8213.65,8238.35,8153.25,8203.7,6/22/16
21-Jun-2016,8255.4,8257.25,8202.15,8219.9,6/21/16
20-Jun-2016,8115.75,8244.15,8107.35,8238.5,6/20/16
17-Jun-2016,8176.65,8195.25,8135.8,8170.2,6/17/16
16-Jun-2016,8180.65,8180.65,8074.45,8140.75,6/16/16
15-Jun-2016,8139.4,8213.2,8123.15,8206.6,6/15/16
14-Jun-2016,8134.4,8134.95,8069.5,8108.85,6/14/16
13-Jun-2016,8102.25,8125.25,8063.9,8110.6,6/13/16
10-Jun-2016,8180.25,8265.6,8162.85,8170.05,6/10/16
09-Jun-2016,8273.35,8273.35,8184.6,8203.6,6/9/16
08-Jun-2016,8285.5,8288.9,8252.05,8273.05,6/8/16
07-Jun-2016,8235.55,8294.95,8216.4,8266.45,6/7/16
06-Jun-2016,8228.75,8234.7,8186.05,8201.05,6/6/16
03-Jun-2016,8246.2,8262,8209.85,8220.8,6/3/16
02-Jun-2016,8156.9,8229.5,8154.75,8218.95,6/2/16
01-Jun-2016,8179.2,8215.35,8171.05,8179.95,6/1/16
31-May-2016,8209.85,8213.6,8134.3,8160.1,5/31/16
30-May-2016,8166.5,8200,8150.8,8178.5,5/30/16
27-May-2016,8081.95,8164.2,8077.05,8156.65,5/27/16
26-May-2016,7974.45,8083,7948.5,8069.65,5/26/16
25-May-2016,7811.8,7941.2,7809.3,7934.9,5/25/16
24-May-2016,7738.05,7761.55,7715.8,7748.85,5/24/16
23-May-2016,7813.95,7820.6,7722.2,7731.05,5/23/16
20-May-2016,7792.2,7812.4,7735.75,7749.7,5/20/16
19-May-2016,7875.5,7876.2,7766.8,7783.4,5/19/16
18-May-2016,7846.75,7882.05,7810.75,7870.15,5/18/16
17-May-2016,7896.85,7940.1,7879.7,7890.75,5/17/16
16-May-2016,7831.2,7873.9,7772.15,7860.75,5/16/16
13-May-2016,7881,7881,7784.2,7814.9,5/13/16
12-May-2016,7871.45,7916.05,7849.65,7900.4,5/12/16
11-May-2016,7804.65,7893.1,7780.9,7848.85,5/11/16
10-May-2016,7873.55,7896.9,7837.7,7887.8,5/10/16
09-May-2016,7755.25,7873.65,7753.55,7866.05,5/9/16
06-May-2016,7717.65,7738.9,7678.35,7733.45,5/6/16
05-May-2016,7731,7777.55,7706.85,7735.5,5/5/16
04-May-2016,7724.15,7749,7697.25,7706.55,5/4/16
03-May-2016,7824.8,7890.25,7735.15,7747,5/3/16
02-May-2016,7822.7,7829.8,7777.3,7805.9,5/2/16
29-Apr-2016,7844.25,7889.05,7788.7,7849.8,4/29/16
28-Apr-2016,7967.4,7992,7834.45,7847.25,4/28/16
27-Apr-2016,7942,7991,7940.55,7979.9,4/27/16
26-Apr-2016,7828.15,7974.5,7822.55,7962.65,4/26/16
25-Apr-2016,7894.8,7911,7827,7855.05,4/25/16
22-Apr-2016,7891.8,7923.35,7873.35,7899.3,4/22/16
21-Apr-2016,7953.65,7978.45,7884.1,7912.05,4/21/16
20-Apr-2016,7950.05,7950.4,7877.55,7914.75,4/20/16
18-Apr-2016,7908.15,7920.6,7842.75,7914.7,4/18/16
13-Apr-2016,7777.15,7864.8,7772.2,7850.45,4/13/16
12-Apr-2016,7669.25,7717.4,7663.35,7708.95,4/12/16
11-Apr-2016,7577.8,7678.8,7516.85,7671.4,4/11/16
08-Apr-2016,7542.35,7569.35,7526.7,7555.2,4/8/16
07-Apr-2016,7630.4,7630.75,7535.85,7546.45,4/7/16
06-Apr-2016,7636.05,7638.65,7591.75,7614.35,4/6/16
05-Apr-2016,7736.3,7736.3,7588.65,7603.2,4/5/16
04-Apr-2016,7733.15,7764.45,7704.4,7758.8,4/4/16
01-Apr-2016,7718.05,7740.15,7666.1,7713.05,4/1/16
29-Mar-2016,7606.55,7652.9,7582.25,7597,3/29/16
28-Mar-2016,7741,7749.4,7587.7,7615.1,3/28/16
23-Mar-2016,7717.45,7726.85,7670.6,7716.5,3/23/16
22-Mar-2016,7695.55,7728.2,7643.8,7714.9,3/22/16
21-Mar-2016,7619.2,7713.55,7617.7,7704.25,3/21/16
18-Mar-2016,7534.65,7613.6,7517.9,7604.35,3/18/16
17-Mar-2016,7557.4,7585.3,7479.4,7512.55,3/17/16
16-Mar-2016,7457.05,7508,7405.15,7498.75,3/16/16
15-Mar-2016,7535.85,7545.2,7452.8,7460.6,3/15/16
14-Mar-2016,7542.6,7583.7,7515.05,7538.75,3/14/16
11-Mar-2016,7484.85,7543.95,7460.6,7510.2,3/11/16
10-Mar-2016,7545.35,7547.1,7447.4,7486.15,3/10/16
09-Mar-2016,7436.1,7539,7424.3,7531.8,3/9/16
08-Mar-2016,7486.4,7527.15,7442.15,7485.3,3/8/16
04-Mar-2016,7505.4,7505.9,7444.1,7485.35,3/4/16
03-Mar-2016,7429.55,7483.95,7406.05,7475.6,3/3/16
02-Mar-2016,7321.7,7380.35,7308.15,7368.85,3/2/16
01-Mar-2016,7038.25,7235.5,7035.1,7222.3,3/1/16
29-Feb-2016,7050.45,7094.6,6825.8,6987.05,2/29/16
26-Feb-2016,7039.3,7052.9,6985.1,7029.75,2/26/16
25-Feb-2016,7029.85,7034.2,6961.4,6970.6,2/25/16
24-Feb-2016,7075,7090.8,7009.75,7018.7,2/24/16
23-Feb-2016,7240.3,7241.7,7090.7,7109.55,2/23/16
22-Feb-2016,7208.85,7252.4,7200.7,7234.55,2/22/16
19-Feb-2016,7170.55,7226.85,7145.95,7210.75,2/19/16
18-Feb-2016,7177.4,7215.1,7127.85,7191.75,2/18/16
17-Feb-2016,7058.85,7123.7,6960.65,7108.45,2/17/16
16-Feb-2016,7201.25,7204.65,7037.7,7048.25,2/16/16
15-Feb-2016,7057.35,7182.8,7056.8,7162.95,2/15/16
12-Feb-2016,7023.65,7034.8,6869,6980.95,2/12/16
11-Feb-2016,7203.6,7208.65,6959.95,6976.35,2/11/16
10-Feb-2016,7264.3,7271.85,7177.75,7215.7,2/10/16
09-Feb-2016,7303.95,7323.45,7275.15,7298.2,2/9/16
08-Feb-2016,7489.7,7512.55,7363.2,7387.25,2/8/16
05-Feb-2016,7418.25,7503.15,7406.65,7489.1,2/5/16
04-Feb-2016,7411.45,7457.05,7365.95,7404,2/4/16
03-Feb-2016,7392.45,7419.4,7350.3,7361.8,2/3/16
02-Feb-2016,7566.65,7576.3,7428.05,7455.55,2/2/16
01-Feb-2016,7589.5,7600.45,7541.25,7555.95,2/1/16
29-Jan-2016,7413.35,7575.65,7402.8,7563.55,1/29/16
28-Jan-2016,7426.5,7468.85,7409.6,7424.65,1/28/16
27-Jan-2016,7469.6,7477.9,7419.7,7437.75,1/27/16
25-Jan-2016,7468.75,7487.15,7421.2,7436.15,1/25/16
22-Jan-2016,7355.7,7433.4,7327.6,7422.45,1/22/16
21-Jan-2016,7376.65,7398.7,7250,7276.8,1/21/16
20-Jan-2016,7357,7470.9,7241.5,7309.3,1/20/16
19-Jan-2016,7381.8,7462.75,7364.15,7435.1,1/19/16
18-Jan-2016,7420.35,7463.65,7336.4,7351,1/18/16
15-Jan-2016,7561.65,7566.5,7427.3,7437.8,1/15/16
14-Jan-2016,7467.4,7604.8,7443.8,7536.8,1/14/16
13-Jan-2016,7557.9,7590.95,7425.8,7562.4,1/13/16
12-Jan-2016,7587.2,7588.3,7487.8,7510.3,1/12/16
11-Jan-2016,7527.45,7605.1,7494.35,7563.85,1/11/16
08-Jan-2016,7611.65,7634.1,7581.05,7601.35,1/8/16
07-Jan-2016,7673.35,7674.95,7556.6,7568.3,1/7/16
06-Jan-2016,7788.05,7800.95,7721.2,7741,1/6/16
05-Jan-2016,7828.4,7831.2,7763.25,7784.65,1/5/16
04-Jan-2016,7924.55,7937.55,7781.1,7791.3,1/4/16
01-Jan-2016,7938.45,7972.55,7909.8,7963.2,1/1/16
31-Dec-2015,7897.8,7955.55,7891.15,7946.35,12/31/15
30-Dec-2015,7938.6,7944.75,7889.85,7896.25,12/30/15
29-Dec-2015,7929.2,7942.15,7902.75,7928.95,12/29/15
28-Dec-2015,7863.2,7937.2,7863,7925.15,12/28/15
24-Dec-2015,7888.75,7888.75,7835.5,7861.05,12/24/15
23-Dec-2015,7830.45,7871.45,7826.1,7865.95,12/23/15
22-Dec-2015,7829.4,7846.3,7776.85,7786.1,12/22/15
21-Dec-2015,7745.65,7840.75,7733.45,7834.45,12/21/15
18-Dec-2015,7828.9,7836.15,7753.35,7761.95,12/18/15
17-Dec-2015,7783.05,7852.9,7737.55,7844.35,12/17/15
16-Dec-2015,7725.25,7776.6,7715.75,7750.9,12/16/15
15-Dec-2015,7659.15,7705,7625.1,7700.9,12/15/15
14-Dec-2015,7558.2,7663.95,7551.05,7650.05,12/14/15
11-Dec-2015,7699.6,7703.05,7575.3,7610.45,12/11/15
10-Dec-2015,7643.3,7691.95,7610,7683.3,12/10/15
09-Dec-2015,7695.5,7702.85,7606.9,7612.5,12/9/15
08-Dec-2015,7738.5,7771.25,7685.45,7701.7,12/8/15
07-Dec-2015,7816.55,7825.4,7746.05,7765.4,12/7/15
04-Dec-2015,7817.6,7821.4,7775.7,7781.9,12/4/15
03-Dec-2015,7902.3,7912.3,7853.3,7864.15,12/3/15
02-Dec-2015,7976.7,7979.3,7910.8,7931.35,12/2/15
01-Dec-2015,7958.15,7972.15,7934.15,7954.9,12/1/15
30-Nov-2015,7936.25,7966,7922.8,7935.25,11/30/15
27-Nov-2015,7910.6,7959.3,7879.45,7942.7,11/27/15
26-Nov-2015,7837.15,7897.1,7832,7883.8,11/26/15
24-Nov-2015,7837,7870.35,7812.65,7831.6,11/24/15
23-Nov-2015,7869.5,7877.5,7825.2,7849.25,11/23/15
20-Nov-2015,7841.9,7906.95,7817.8,7856.55,11/20/15
19-Nov-2015,7788.5,7854.9,7765.45,7842.75,11/19/15
18-Nov-2015,7823.15,7843.4,7725.05,7731.8,11/18/15
17-Nov-2015,7848.75,7860.45,7793,7837.55,11/17/15
16-Nov-2015,7732.95,7838.85,7714.15,7806.6,11/16/15
13-Nov-2015,7762.45,7775.1,7730.9,7762.25,11/13/15
11-Nov-2015,7838.8,7847.95,7819.1,7825,11/11/15
10-Nov-2015,7877.6,7885.1,7772.85,7783.35,11/10/15
09-Nov-2015,7788.25,7937.75,7771.7,7915.2,11/9/15
06-Nov-2015,7956.55,8002.65,7926.15,7954.3,11/6/15
05-Nov-2015,8030.35,8031.2,7944.1,7955.45,11/5/15
04-Nov-2015,8104.9,8116.1,8027.3,8040.2,11/4/15
03-Nov-2015,8086.35,8100.35,8031.75,8060.7,11/3/15
02-Nov-2015,8054.55,8060.7,7995.6,8050.8,11/2/15
30-Oct-2015,8123.55,8146.1,8044.4,8065.8,10/30/15
29-Oct-2015,8175.45,8179.6,8098,8111.75,10/29/15
28-Oct-2015,8188.9,8209.1,8131.8,8171.2,10/28/15
27-Oct-2015,8230.35,8241.95,8217.05,8232.9,10/27/15
26-Oct-2015,8333.65,8336.3,8252.05,8260.55,10/26/15
23-Oct-2015,8308.25,8328.1,8280.75,8295.45,10/23/15
21-Oct-2015,8258.35,8294.4,8217.15,8251.7,10/21/15
20-Oct-2015,8280.3,8294.05,8229.2,8261.65,10/20/15
19-Oct-2015,8262.55,8283.05,8239.2,8275.05,10/19/15
16-Oct-2015,8193.65,8246.4,8147.65,8238.15,10/16/15
15-Oct-2015,8134.35,8190.55,8129.8,8179.5,10/15/15
14-Oct-2015,8102.4,8139.3,8096.35,8107.9,10/14/15
13-Oct-2015,8121.95,8150.25,8088.6,8131.7,10/13/15
12-Oct-2015,8231.5,8244.5,8128.2,8143.6,10/12/15
09-Oct-2015,8186.35,8232.2,8139.65,8189.7,10/9/15
08-Oct-2015,8196.75,8196.75,8105.85,8129.35,10/8/15
07-Oct-2015,8146.2,8188.9,8132.9,8177.4,10/7/15
06-Oct-2015,8180.45,8180.95,8096.5,8152.9,10/6/15
05-Oct-2015,8005.1,8128.9,8005.1,8119.3,10/5/15
01-Oct-2015,7992.05,8008.25,7930.65,7950.9,10/1/15
30-Sep-2015,7924.25,7957.7,7874.5,7948.9,9/30/15
29-Sep-2015,7725.7,7926.55,7691.2,7843.3,9/29/15
28-Sep-2015,7892.8,7893.95,7787.95,7795.7,9/28/15
24-Sep-2015,7838.4,7894.5,7804.1,7868.5,9/24/15
23-Sep-2015,7737.35,7882.9,7723.25,7845.95,9/23/15
22-Sep-2015,8014.8,8021.6,7787.75,7812,9/22/15
21-Sep-2015,7911.5,7987.9,7908.35,7977.1,9/21/15
18-Sep-2015,7967.45,8055,7955.85,7981.9,9/18/15
16-Sep-2015,7886.85,7913.9,7853.3,7899.15,9/16/15
15-Sep-2015,7867.35,7880,7799.75,7829.1,9/15/15
14-Sep-2015,7811.1,7879.95,7761.85,7872.25,9/14/15
11-Sep-2015,7833.8,7864.85,7759.9,7789.3,9/11/15
10-Sep-2015,7729.05,7819.85,7678.5,7788.1,9/10/15
09-Sep-2015,7805.85,7846.05,7764.55,7818.6,9/9/15
08-Sep-2015,7587.7,7720.9,7539.5,7688.25,9/8/15
07-Sep-2015,7685.85,7705.05,7545.9,7558.8,9/7/15
04-Sep-2015,7803.4,7804.9,7626.85,7655.05,9/4/15
03-Sep-2015,7774.45,7845.6,7754.05,7823,9/3/15
02-Sep-2015,7856.65,7862.55,7699.25,7717,9/2/15
01-Sep-2015,7907.95,7929.1,7746.5,7785.85,9/1/15
31-Aug-2015,8009.25,8043.6,7947.95,7971.3,8/31/15
28-Aug-2015,8053.7,8091.8,7961.65,8001.95,8/28/15
27-Aug-2015,7921.6,7963.6,7862.3,7948.95,8/27/15
26-Aug-2015,7865.25,7930.05,7777.1,7791.85,8/26/15
25-Aug-2015,7895.4,7925.4,7667.25,7880.7,8/25/15
24-Aug-2015,8055.95,8060.05,7769.4,7809,8/24/15
21-Aug-2015,8305.4,8322.2,8225.05,8299.95,8/21/15
20-Aug-2015,8471.05,8501.35,8359.75,8372.75,8/20/15
19-Aug-2015,8468.05,8520.45,8425.95,8495.15,8/19/15
18-Aug-2015,8505.85,8525.75,8433.6,8466.55,8/18/15
17-Aug-2015,8530.5,8530.6,8428.05,8477.3,8/17/15
14-Aug-2015,8402.35,8530.1,8381.2,8518.55,8/14/15
13-Aug-2015,8384.45,8429.5,8339.75,8355.85,8/13/15
12-Aug-2015,8445.7,8446.95,8337.95,8349.45,8/12/15
11-Aug-2015,8548.45,8556.25,8441.3,8462.35,8/11/15
10-Aug-2015,8577,8621.55,8497.8,8525.6,8/10/15
07-Aug-2015,8580.8,8595.95,8552.7,8564.6,8/7/15
06-Aug-2015,8585.8,8606.3,8551.5,8588.65,8/6/15
05-Aug-2015,8547.45,8591.85,8545.85,8567.95,8/5/15
04-Aug-2015,8564.1,8565.15,8448.25,8516.9,8/4/15
03-Aug-2015,8510.65,8563.95,8508.1,8543.05,8/3/15
31-Jul-2015,8456.1,8548.95,8448,8532.85,7/31/15
30-Jul-2015,8417,8458.9,8408.3,8421.8,7/30/15
29-Jul-2015,8365.6,8381.5,8338.45,8375.05,7/29/15
28-Jul-2015,8371.1,8397.4,8321.75,8337,7/28/15
27-Jul-2015,8492.1,8492.2,8351.55,8361,7/27/15
24-Jul-2015,8588.15,8589.15,8513.5,8521.55,7/24/15
23-Jul-2015,8643.95,8654.75,8573.8,8589.8,7/23/15
22-Jul-2015,8512.25,8643.9,8498.65,8633.5,7/22/15
21-Jul-2015,8601.5,8646.75,8517.9,8529.45,7/21/15
20-Jul-2015,8623.9,8624.1,8559,8603.45,7/20/15
17-Jul-2015,8623.65,8642.95,8593.15,8609.85,7/17/15
16-Jul-2015,8546.15,8616.1,8542.9,8608.05,7/16/15
15-Jul-2015,8463.4,8531.4,8462.95,8523.8,7/15/15
14-Jul-2015,8470.6,8480.25,8424.1,8454.1,7/14/15
13-Jul-2015,8397.25,8471.65,8355.4,8459.65,7/13/15
10-Jul-2015,8365.7,8377.1,8315.4,8360.55,7/10/15
09-Jul-2015,8364.85,8400.3,8323,8328.55,7/9/15
08-Jul-2015,8439.2,8457.5,8341.4,8363.05,7/8/15
07-Jul-2015,8525.5,8561.35,8483.85,8510.8,7/7/15
06-Jul-2015,8386.15,8533.15,8386.15,8522.15,7/6/15
03-Jul-2015,8440.1,8497.75,8424.15,8484.9,7/3/15
02-Jul-2015,8471.95,8479.25,8433.2,8444.9,7/2/15
01-Jul-2015,8376.25,8481.6,8370.15,8453.05,7/1/15
30-Jun-2015,8316.35,8378,8298.95,8368.5,6/30/15
29-Jun-2015,8247.05,8329.45,8195.65,8318.4,6/29/15
26-Jun-2015,8393.95,8408.55,8339.7,8381.1,6/26/15
25-Jun-2015,8336.25,8423.15,8329.5,8398,6/25/15
24-Jun-2015,8399.4,8421.35,8338.9,8360.85,6/24/15
23-Jun-2015,8377.45,8398.45,8334.95,8381.55,6/23/15
22-Jun-2015,8259.3,8369.45,8257.4,8353.1,6/22/15
19-Jun-2015,8201.15,8250.8,8195.65,8224.95,6/19/15
18-Jun-2015,8113.7,8186.9,8101.8,8174.6,6/18/15
17-Jun-2015,8084.2,8136.85,8048.95,8091.55,6/17/15
16-Jun-2015,8004.2,8061.85,7952.35,8047.3,6/16/15
15-Jun-2015,7986.6,8057.7,7944.85,8013.9,6/15/15
12-Jun-2015,7959.85,7995.6,7940.3,7982.9,6/12/15
11-Jun-2015,8157.3,8163.05,7958.25,7965.35,6/11/15
10-Jun-2015,8024.15,8152.25,8023.8,8124.45,6/10/15
09-Jun-2015,8026.5,8057.15,8005.15,8022.4,6/9/15
08-Jun-2015,8124.35,8131,8030.55,8044.15,6/8/15
05-Jun-2015,8119.15,8191,8100.15,8114.7,6/5/15
04-Jun-2015,8155.15,8160.05,8056.75,8130.65,6/4/15
03-Jun-2015,8232.45,8236.7,8094.15,8135.1,6/3/15
02-Jun-2015,8442.8,8445.35,8226.05,8236.45,6/2/15
01-Jun-2015,8417.25,8467.15,8405.4,8433.4,6/1/15
29-May-2015,8327.1,8443.9,8305.7,8433.65,5/29/15
28-May-2015,8345.7,8364.5,8270.15,8319,5/28/15
27-May-2015,8302.75,8342.85,8277.95,8334.6,5/27/15
26-May-2015,8377.1,8378.9,8320.05,8339.35,5/26/15
25-May-2015,8438.15,8441.95,8364.15,8370.25,5/25/15
22-May-2015,8432.5,8489.55,8420.6,8458.95,5/22/15
21-May-2015,8434.5,8446.35,8382.5,8421,5/21/15
20-May-2015,8392.65,8440.35,8391.45,8423.25,5/20/15
19-May-2015,8356.2,8427.8,8335,8365.65,5/19/15
18-May-2015,8284.95,8384.6,8271.95,8373.65,5/18/15
15-May-2015,8240.3,8279.2,8212.2,8262.35,5/15/15
14-May-2015,8232.45,8236.25,8137.3,8224.2,5/14/15
13-May-2015,8181.55,8254.95,8089.8,8235.45,5/13/15
12-May-2015,8326.15,8326.65,8115.3,8126.95,5/12/15
11-May-2015,8243.2,8332.75,8224.65,8325.25,5/11/15
08-May-2015,8131.5,8224.95,8123.45,8191.5,5/8/15
07-May-2015,8077,8122.6,7997.15,8057.3,5/7/15
06-May-2015,8316.6,8331.95,8083,8097,5/6/15
05-May-2015,8338.4,8355.65,8280.6,8324.8,5/5/15
04-May-2015,8230.05,8346,8220.45,8331.95,5/4/15
30-Apr-2015,8224.5,8229.4,8144.75,8181.5,4/30/15
29-Apr-2015,8274.8,8308.2,8219.2,8239.75,4/29/15
28-Apr-2015,8215.55,8308,8185.15,8285.6,4/28/15
27-Apr-2015,8330.55,8334.45,8202.35,8213.8,4/27/15
24-Apr-2015,8405.7,8413.3,8273.35,8305.25,4/24/15
23-Apr-2015,8478.2,8504.95,8361.85,8398.3,4/23/15
22-Apr-2015,8400.4,8449.95,8284.7,8429.7,4/22/15
21-Apr-2015,8416.1,8469.35,8352.7,8377.75,4/21/15
20-Apr-2015,8618.8,8619.95,8422.75,8448.1,4/20/15
17-Apr-2015,8698.05,8699.85,8596.7,8606,4/17/15
16-Apr-2015,8757.05,8760,8645.65,8706.7,4/16/15
15-Apr-2015,8844.75,8844.8,8722.4,8750.2,4/15/15
13-Apr-2015,8801.75,8841.65,8762.1,8834,4/13/15
10-Apr-2015,8774.35,8787.4,8733.6,8780.35,4/10/15
09-Apr-2015,8756.2,8785.5,8682.45,8778.3,4/9/15
08-Apr-2015,8698.95,8730.5,8679.8,8714.4,4/8/15
07-Apr-2015,8684.45,8693.6,8586.85,8660.3,4/7/15
06-Apr-2015,8615.8,8667.55,8573.75,8659.9,4/6/15
01-Apr-2015,8483.7,8603.4,8464.75,8586.25,4/1/15
31-Mar-2015,8527.6,8550.45,8454.15,8491,3/31/15
27-Mar-2015,8396,8413.2,8269.15,8341.4,3/27/15
26-Mar-2015,8474.95,8499.45,8325.35,8342.15,3/26/15
25-Mar-2015,8568.9,8573.75,8516.55,8530.8,3/25/15
24-Mar-2015,8537.05,8627.75,8535.85,8542.95,3/24/15
23-Mar-2015,8591.55,8608.35,8540.55,8550.9,3/23/15
20-Mar-2015,8627.9,8627.9,8553,8570.9,3/20/15
19-Mar-2015,8749.45,8788.2,8614.65,8634.65,3/19/15
18-Mar-2015,8742.9,8747.25,8664,8685.9,3/18/15
17-Mar-2015,8689.1,8742.55,8630.8,8723.3,3/17/15
16-Mar-2015,8656.75,8663.55,8612,8633.15,3/16/15
13-Mar-2015,8844.05,8849.75,8631.75,8647.75,3/13/15
12-Mar-2015,8740.65,8787.2,8732.9,8776,3/12/15
11-Mar-2015,8728.75,8755.6,8682.35,8699.95,3/11/15
10-Mar-2015,8769.75,8778,8677.35,8712.05,3/10/15
09-Mar-2015,8891.15,8891.3,8740.45,8756.75,3/9/15
05-Mar-2015,8929.4,8957.55,8849.35,8937.75,3/5/15
04-Mar-2015,9109.15,9119.2,8893.95,8922.65,3/4/15
03-Mar-2015,8962.85,9008.4,8925.55,8996.25,3/3/15
02-Mar-2015,8953.85,8972.35,8885.45,8956.75,3/2/15
28-Feb-2015,8913.05,8941.1,8751.35,8901.85,2/28/15
27-Feb-2015,8729.5,8856.95,8717.45,8844.6,2/27/15
26-Feb-2015,8779,8786.05,8669.45,8683.85,2/26/15
25-Feb-2015,8801.9,8840.65,8751.4,8767.25,2/25/15
24-Feb-2015,8772.9,8800.5,8726.75,8762.1,2/24/15
23-Feb-2015,8856.85,8869,8736.1,8754.95,2/23/15
20-Feb-2015,8895.5,8899.95,8816.3,8833.6,2/20/15
19-Feb-2015,8883.05,8913.45,8794.45,8895.3,2/19/15
18-Feb-2015,8811.55,8894.3,8808.9,8869.1,2/18/15
16-Feb-2015,8831.4,8870.1,8793.4,8809.35,2/16/15
13-Feb-2015,8741.5,8822.1,8729.65,8805.5,2/13/15
12-Feb-2015,8676.95,8732.55,8599.25,8711.55,2/12/15
11-Feb-2015,8603.3,8651.95,8593.65,8627.4,2/11/15
10-Feb-2015,8478.1,8646.25,8470.5,8565.55,2/10/15
09-Feb-2015,8584.4,8605.55,8516.35,8526.35,2/9/15
06-Feb-2015,8696.85,8726.2,8645.55,8661.05,2/6/15
05-Feb-2015,8733.1,8838.45,8683.65,8711.7,2/5/15
04-Feb-2015,8789.15,8792.85,8704.4,8723.7,2/4/15
03-Feb-2015,8823.15,8837.3,8726.65,8756.55,2/3/15
02-Feb-2015,8802.5,8840.8,8751.1,8797.4,2/2/15
30-Jan-2015,8996.6,8996.6,8775.1,8808.9,1/30/15
29-Jan-2015,8901.5,8966.65,8861.25,8952.35,1/29/15
28-Jan-2015,8902.75,8985.05,8874.05,8914.3,1/28/15
27-Jan-2015,8871.35,8925.05,8825.45,8910.5,1/27/15
23-Jan-2015,8827.95,8866.4,8795.4,8835.6,1/23/15
22-Jan-2015,8745.85,8774.15,8727,8761.4,1/22/15
21-Jan-2015,8719.65,8741.85,8689.6,8729.5,1/21/15
20-Jan-2015,8575.1,8707.9,8574.5,8695.6,1/20/15
19-Jan-2015,8550.05,8570.95,8531.5,8550.7,1/19/15
16-Jan-2015,8504.05,8530.75,8452.25,8513.8,1/16/15
15-Jan-2015,8424.5,8527.1,8380.55,8494.15,1/15/15
14-Jan-2015,8307.25,8326.45,8236.65,8277.55,1/14/15
13-Jan-2015,8346.15,8356.65,8267.9,8299.4,1/13/15
12-Jan-2015,8291.35,8332.6,8245.6,8323,1/12/15
09-Jan-2015,8285.45,8303.3,8190.8,8284.5,1/9/15
08-Jan-2015,8191.4,8243.5,8167.3,8234.6,1/8/15
07-Jan-2015,8118.65,8151.2,8065.45,8102.1,1/7/15
06-Jan-2015,8325.3,8327.85,8111.35,8127.35,1/6/15
05-Jan-2015,8407.95,8445.6,8363.9,8378.4,1/5/15
02-Jan-2015,8288.7,8410.6,8288.7,8395.45,1/2/15
01-Jan-2015,8272.8,8294.7,8248.75,8284,1/1/15
31-Dec-2014,8243.9,8291,8243.75,8282.7,12/31/14
30-Dec-2014,8260.3,8268.25,8220.55,8248.25,12/30/14
29-Dec-2014,8214.7,8279.15,8214.7,8246.3,12/29/14
26-Dec-2014,8204.8,8234.55,8147.95,8200.7,12/26/14
24-Dec-2014,8272.05,8286.4,8155.25,8174.1,12/24/14
23-Dec-2014,8324.6,8364.75,8252.85,8267,12/23/14
22-Dec-2014,8255,8330.95,8228.2,8324,12/22/14
19-Dec-2014,8230.45,8263.45,8208.6,8225.2,12/19/14
18-Dec-2014,8138.9,8174.3,8084.9,8159.3,12/18/14
17-Dec-2014,8041.2,8082,7961.35,8029.8,12/17/14
16-Dec-2014,8172.6,8189.35,8052.6,8067.6,12/16/14
15-Dec-2014,8160.75,8242.4,8152.5,8219.6,12/15/14
12-Dec-2014,8302,8321.9,8216.3,8224.1,12/12/14
11-Dec-2014,8338.85,8348.3,8272.4,8292.9,12/11/14
10-Dec-2014,8318.05,8376.8,8317,8355.65,12/10/14
09-Dec-2014,8439.3,8444.5,8330.5,8340.7,12/9/14
08-Dec-2014,8538.65,8546.35,8432.25,8438.25,12/8/14
05-Dec-2014,8584.25,8588.35,8523.9,8538.3,12/5/14
04-Dec-2014,8582.4,8626.95,8526.4,8564.4,12/4/14
03-Dec-2014,8528.7,8546.95,8508.35,8537.65,12/3/14
02-Dec-2014,8535.45,8560.2,8504.65,8524.7,12/2/14
01-Dec-2014,8605.1,8623,8545.15,8555.9,12/1/14
28-Nov-2014,8516.8,8617,8516.25,8588.25,11/28/14
27-Nov-2014,8477.8,8506.75,8456.35,8494.2,11/27/14
26-Nov-2014,8450.3,8500.3,8438.65,8475.75,11/26/14
25-Nov-2014,8530.8,8535.35,8429.45,8463.1,11/25/14
24-Nov-2014,8490.95,8534.65,8490.8,8530.15,11/24/14
21-Nov-2014,8408.2,8489.8,8398.6,8477.35,11/21/14
20-Nov-2014,8406.5,8410.85,8353.15,8401.9,11/20/14
19-Nov-2014,8440.65,8455.65,8360.5,8382.3,11/19/14
18-Nov-2014,8441.25,8454.5,8407.25,8425.9,11/18/14
17-Nov-2014,8378.4,8438.1,8349.1,8430.75,11/17/14
14-Nov-2014,8360.7,8400.65,8346.8,8389.9,11/14/14
13-Nov-2014,8405.25,8408,8320.35,8357.85,11/13/14
12-Nov-2014,8378.9,8415.05,8370.5,8383.3,11/12/14
11-Nov-2014,8354.1,8378.7,8321.85,8362.65,11/11/14
10-Nov-2014,8337.8,8383.05,8304.45,8344.25,11/10/14
07-Nov-2014,8331.85,8360.35,8290.25,8337,11/7/14
05-Nov-2014,8351.25,8365.55,8323.5,8338.3,11/5/14
03-Nov-2014,8348.15,8350.6,8297.65,8324.15,11/3/14
31-Oct-2014,8200.8,8330.75,8198.05,8322.2,10/31/14
30-Oct-2014,8085.2,8181.55,8085.2,8169.2,10/30/14
29-Oct-2014,8077.05,8097.95,8052.25,8090.45,10/29/14
28-Oct-2014,8002.4,8037.8,7995.05,8027.6,10/28/14
27-Oct-2014,8064.35,8064.4,7985.65,7991.7,10/27/14
23-Oct-2014,8027.7,8031.75,8008.85,8014.55,10/23/14
22-Oct-2014,7997.8,8005,7974.55,7995.9,10/22/14
21-Oct-2014,7906.15,7936.6,7874.35,7927.75,10/21/14
20-Oct-2014,7896.95,7905.95,7856.95,7879.4,10/20/14
17-Oct-2014,7733.75,7819.2,7723.85,7779.7,10/17/14
16-Oct-2014,7837.3,7893.9,7729.65,7748.2,10/16/14
14-Oct-2014,7923.25,7928,7825.45,7864,10/14/14
13-Oct-2014,7831,7901.15,7796,7884.25,10/13/14
10-Oct-2014,7911,7924.05,7848.45,7859.95,10/10/14
09-Oct-2014,7886.5,7972.35,7886.5,7960.55,10/9/14
08-Oct-2014,7828.75,7869.9,7815.75,7842.7,10/8/14
07-Oct-2014,7897.4,7943.05,7842.7,7852.4,10/7/14
01-Oct-2014,7960.5,7977.5,7936.7,7945.55,10/1/14
30-Sep-2014,7948.8,8030.9,7923.85,7964.8,9/30/14
29-Sep-2014,7978.45,7991.75,7934.7,7958.9,9/29/14
26-Sep-2014,7885.85,7993.3,7841.8,7968.85,9/26/14
25-Sep-2014,8003.3,8019.3,7877.35,7911.85,9/25/14
24-Sep-2014,8015.55,8042.05,7950.05,8002.4,9/24/14
23-Sep-2014,8144.4,8159.75,8008.1,8017.55,9/23/14
22-Sep-2014,8084.45,8159.9,8064.8,8146.3,9/22/14
19-Sep-2014,8129.4,8160.9,8105.35,8121.45,9/19/14
18-Sep-2014,7950.65,8120.85,7939.7,8114.75,9/18/14
17-Sep-2014,7971.5,7990.65,7936.95,7975.5,9/17/14
16-Sep-2014,8036.6,8044.9,7925.15,7932.9,9/16/14
15-Sep-2014,8070.35,8077.3,8030,8042,9/15/14
12-Sep-2014,8087.05,8114.3,8071.6,8105.5,9/12/14
11-Sep-2014,8115.15,8127.95,8057.3,8085.7,9/11/14
10-Sep-2014,8135.55,8135.75,8082.1,8094.1,9/10/14
09-Sep-2014,8161.9,8174.55,8126.5,8152.95,9/9/14
08-Sep-2014,8132.95,8180.2,8126.15,8173.9,9/8/14
05-Sep-2014,8099.9,8122.7,8049.85,8086.85,9/5/14
04-Sep-2014,8114.2,8114.8,8060.9,8095.95,9/4/14
03-Sep-2014,8110.85,8141.9,8092.25,8114.6,9/3/14
02-Sep-2014,8038.6,8101.95,8036.55,8083.05,9/2/14
01-Sep-2014,7990.35,8035,7984,8027.7,9/1/14
28-Aug-2014,7942.25,7967.8,7939.2,7954.35,8/28/14
27-Aug-2014,7933.9,7946.85,7916.55,7936.05,8/27/14
26-Aug-2014,7874.5,7915.45,7862.45,7904.75,8/26/14
25-Aug-2014,7931.75,7968.25,7897.95,7906.3,8/25/14
22-Aug-2014,7904.55,7929.05,7900.05,7913.2,8/22/14
21-Aug-2014,7875.35,7919.65,7855.95,7891.1,8/21/14
20-Aug-2014,7915.8,7922.7,7864.05,7875.3,8/20/14
19-Aug-2014,7901,7918.55,7881.15,7897.5,8/19/14
18-Aug-2014,7785.25,7880.5,7779.2,7874.25,8/18/14
14-Aug-2014,7756.15,7796.7,7739.1,7791.7,8/14/14
13-Aug-2014,7717.3,7757.1,7695.7,7739.55,8/13/14
12-Aug-2014,7688.8,7735.75,7654.8,7727.05,8/12/14
11-Aug-2014,7619.85,7635.55,7598.6,7625.95,8/11/14
08-Aug-2014,7588.7,7592.45,7540.1,7568.55,8/8/14
07-Aug-2014,7651.15,7708.95,7630.4,7649.25,8/7/14
06-Aug-2014,7726.15,7740.95,7658.95,7672.05,8/6/14
05-Aug-2014,7706.65,7752.45,7638.05,7746.55,8/5/14
04-Aug-2014,7639.55,7694.8,7622.05,7683.65,8/4/14
01-Aug-2014,7662.5,7716.7,7593.9,7602.6,8/1/14
31-Jul-2014,7784.65,7791.85,7711.15,7721.3,7/31/14
30-Jul-2014,7746.2,7798.7,7707.6,7791.4,7/30/14
28-Jul-2014,7792.9,7799.9,7722.65,7748.7,7/28/14
25-Jul-2014,7828.2,7840.95,7748.6,7790.45,7/25/14
24-Jul-2014,7796.25,7835.65,7771.65,7830.6,7/24/14
23-Jul-2014,7794.9,7809.2,7752.9,7795.75,7/23/14
22-Jul-2014,7708.2,7773.85,7704.8,7767.85,7/22/14
21-Jul-2014,7701.65,7722.1,7674,7684.2,7/21/14
18-Jul-2014,7630.25,7685,7595.5,7663.9,7/18/14
17-Jul-2014,7612.7,7655.65,7612.7,7640.45,7/17/14
16-Jul-2014,7564.15,7640.1,7532.45,7624.4,7/16/14
15-Jul-2014,7491.3,7534.9,7459.15,7526.65,7/15/14
14-Jul-2014,7469,7478.45,7422.15,7454.15,7/14/14
11-Jul-2014,7584.1,7625.85,7447.2,7459.6,7/11/14
10-Jul-2014,7589.5,7731.05,7479.05,7567.75,7/10/14
09-Jul-2014,7637.95,7650.1,7551.65,7585,7/9/14
08-Jul-2014,7804.05,7808.85,7595.9,7623.2,7/8/14
07-Jul-2014,7780.4,7792,7755.1,7787.15,7/7/14
04-Jul-2014,7718.1,7758,7661.3,7751.6,7/4/14
03-Jul-2014,7734.35,7754.65,7706.8,7714.8,7/3/14
02-Jul-2014,7683.05,7732.4,7677.3,7725.15,7/2/14
01-Jul-2014,7629,7649.5,7618.15,7634.7,7/1/14
30-Jun-2014,7534.05,7623.65,7531.6,7611.35,6/30/14
27-Jun-2014,7514.2,7538.75,7482.3,7508.8,6/27/14
26-Jun-2014,7554.1,7570.2,7481.3,7493.2,6/26/14
25-Jun-2014,7588.55,7589.25,7557.05,7569.25,6/25/14
24-Jun-2014,7515.2,7593.35,7515.2,7580.2,6/24/14
23-Jun-2014,7514,7534.8,7441.6,7493.35,6/23/14
20-Jun-2014,7543.3,7560.55,7497.3,7511.45,6/20/14
19-Jun-2014,7580.05,7606.45,7502.55,7540.7,6/19/14
18-Jun-2014,7636.05,7663,7515.5,7558.2,6/18/14
17-Jun-2014,7525.05,7637.6,7509.25,7631.7,6/17/14
16-Jun-2014,7534.8,7548.6,7487.55,7533.55,6/16/14
13-Jun-2014,7668.2,7678.5,7525.35,7542.1,6/13/14
12-Jun-2014,7641.3,7658,7593.8,7649.9,6/12/14
11-Jun-2014,7672.4,7700.05,7589.05,7626.85,6/11/14
10-Jun-2014,7679.05,7683.2,7579.3,7656.4,6/10/14
09-Jun-2014,7621.65,7673.7,7580.25,7654.6,6/9/14
06-Jun-2014,7521.5,7592.7,7497.65,7583.4,6/6/14
05-Jun-2014,7399.75,7484.7,7360.5,7474.1,6/5/14
04-Jun-2014,7417.55,7433.3,7391.35,7402.25,6/4/14
03-Jun-2014,7375.35,7424.95,7342.15,7415.85,6/3/14
02-Jun-2014,7264.05,7368.6,7239.5,7362.5,6/2/14
30-May-2014,7254.85,7272.5,7118.45,7229.95,5/30/14
29-May-2014,7316.6,7325.4,7224.4,7235.65,5/29/14
28-May-2014,7324.95,7344.75,7302.6,7329.65,5/28/14
27-May-2014,7363.1,7372.95,7274.75,7318,5/27/14
26-May-2014,7428.75,7504,7269.05,7359.05,5/26/14
23-May-2014,7306.5,7381,7293.9,7367.1,5/23/14
22-May-2014,7289.95,7319.55,7258.15,7276.4,5/22/14
21-May-2014,7274.85,7287.15,7206.7,7252.9,5/21/14
20-May-2014,7309.95,7353.65,7247.7,7275.5,5/20/14
19-May-2014,7276.85,7291.1,7193.55,7263.55,5/19/14
16-May-2014,7270.2,7563.5,7130.65,7203,5/16/14
15-May-2014,7111.3,7152.55,7082.55,7123.15,5/15/14
14-May-2014,7112,7142.25,7080.9,7108.75,5/14/14
13-May-2014,7080,7172.35,7067.15,7108.75,5/13/14
12-May-2014,6863.4,7020.05,6862.9,7014.25,5/12/14
09-May-2014,6654.15,6871.35,6652.15,6858.8,5/9/14
08-May-2014,6669.9,6688.4,6638.55,6659.85,5/8/14
07-May-2014,6708.6,6718.75,6642.9,6652.55,5/7/14
06-May-2014,6719.25,6743.45,6701.9,6715.3,5/6/14
05-May-2014,6681.65,6741.05,6680.45,6699.35,5/5/14
02-May-2014,6709.95,6737.65,6689.5,6694.8,5/2/14
30-Apr-2014,6724.95,6780.15,6656.8,6696.4,4/30/14
29-Apr-2014,6769,6779.7,6708.65,6715.25,4/29/14
28-Apr-2014,6778.55,6786.25,6750.3,6761.25,4/28/14
25-Apr-2014,6855.8,6869.85,6772.85,6782.75,4/25/14
23-Apr-2014,6823.25,6861.6,6820.75,6840.8,4/23/14
22-Apr-2014,6822.9,6838,6806.25,6815.35,4/22/14
21-Apr-2014,6789.25,6825.45,6786.9,6817.65,4/21/14
17-Apr-2014,6695.45,6783.05,6684.4,6779.4,4/17/14
16-Apr-2014,6727.25,6748.65,6665.15,6675.3,4/16/14
15-Apr-2014,6792.7,6813.4,6711.75,6733.1,4/15/14
11-Apr-2014,6758.35,6789.35,6743.15,6776.3,4/11/14
10-Apr-2014,6803.05,6819.05,6777.3,6796.4,4/10/14
09-Apr-2014,6722,6808.7,6705.1,6796.2,4/9/14
07-Apr-2014,6694.25,6725.15,6650.4,6695.05,4/7/14
04-Apr-2014,6741.85,6741.85,6685.15,6694.35,4/4/14
03-Apr-2014,6772.05,6776.75,6696.9,6736.1,4/3/14
02-Apr-2014,6757.6,6763.5,6723.6,6752.55,4/2/14
01-Apr-2014,6729.5,6732.25,6675.45,6721.05,4/1/14
31-Mar-2014,6723.15,6730.05,6662.4,6704.2,3/31/14